run,psi_solve,u_solve,dt_solve,c_solve,s_solve,uMinMax_solve,uRMS_solve,uDiv_solve,dtU_solve,mD_solve,cMinMax_solve,fBoundary_solve,dtD_solve,mC_solve,sMinMax_solve,dtSigma_solve,f_solve,psi_write,u_write,dt_write,c_write,s_write,uMinMax_write,uRMS_write,uDiv_write,dtU_write,mD_write,cMinMax_write,fBoundary_write,dtD_write,mC_write,sMinMax_write,dtSigma_write,f_write
0.6438357870210893,0.06263549195136875,0.0010722000151872635,0.0002038140082731843,0.012697777012363076,0.0004753870307467878,0.017314476950559765,0.014743689971510321,0.014473201998043805,0.02621492400066927,0.012594835017807782,0.0004882100038230419,0.10087186598684639,0.013240247033536434,0.01284444599878043,0.0005078889662399888,0.011806063004769385,0.08020499302074313,0.01695834897691384,0.013985079945996404,0.015304393018595874,0.01347385800909251,0.002791986975353211,0.015884104010183364,0.01593959896126762,0.0166825819760561,0.01698701299028471,0.016642038011923432,0.016772025963291526,0.01684192899847403,0.016064704046584666,0.01594199298415333,0.016157920996192843,0.016311871993821114,0.016745547007303685
0.38663496304070577,0.050483794999308884,0.0010774470283649862,3.1464966014027596e-05,0.004076929995790124,0.0003706710413098335,0.003129303047899157,0.014783543010707945,0.012110201991163194,0.013019423990044743,0.01300078904023394,0.00043031899258494377,0.0952608180232346,0.01382557296892628,0.012642874964512885,0.0005744239897467196,0.014602006995119154,0.07413451303727925,0.014680022024549544,0.013734606967773288,0.0010736179538071156,0.014316154993139207,0.0011304279905743897,0.0010288560297340155,0.0010379310115240514,0.0010821199975907803,0.0011853090254589915,0.0010406380170024931,0.0009917760035023093,0.0010917619802057743,0.002090887981466949,0.0027275410247966647,0.001120205968618393,0.0013080170028842986,0.0014389530406333506
0.5143439790117554,0.1853772649774328,0.0010936559992842376,3.286998253315687e-05,0.005182655993849039,0.000609876005910337,0.0032671200460754335,0.01334800902986899,0.011506845999974757,0.013470673002302647,0.012144573032855988,0.00038190302439033985,0.091630233975593,0.013247860013507307,0.012208335974719375,0.0004658969701267779,0.012677614053245634,0.08028548397123814,0.01279007102129981,0.012437551049515605,0.0011798509513027966,0.01256210496649146,0.0012930069933645427,0.001373367034830153,0.0012012639781460166,0.001172221964225173,0.0010321569861844182,0.0011211599921807647,0.0009761640103533864,0.0010083360248245299,0.000976286013610661,0.0031432720134034753,0.0011012129834853113,0.0010395199642516673,0.001223895000293851
0.36747419799212366,0.044973178999498487,0.0011368670384399593,3.278802614659071e-05,0.0041393400169909,0.00038487999700009823,0.003290446999017149,0.013613256975077093,0.012383298017084599,0.012595073960255831,0.012251705978997052,0.00038714101538062096,0.09768301201984286,0.014388981042429805,0.012247249949723482,0.0003960049943998456,0.011763204995077103,0.0729076859424822,0.013121038035023957,0.01129454595502466,0.0010334550170227885,0.012306867982260883,0.0009687200072221458,0.0008705189684405923,0.000808999000582844,0.0008354280143976212,0.0008979400154203176,0.000995894952211529,0.0010856420267373323,0.0018409749609418213,0.0010983819956891239,0.0010912930010817945,0.0010410189861431718,0.000989919004496187,0.0009482289897277951
0.366367087000981,0.04579748201649636,0.0010807550279423594,3.282702527940273e-05,0.00428272201679647,0.0003775600343942642,0.0031155479955486953,0.013356866023968905,0.012118695012759417,0.011756409949157387,0.01256754097994417,0.0004426229861564934,0.09314843802712858,0.012815349036827683,0.01085712801432237,0.0003865369944833219,0.01245278597343713,0.07744382997043431,0.014813082991167903,0.011750245001167059,0.0009398549445904791,0.012366741022560745,0.001063869975041598,0.0009364699944853783,0.0008455479983240366,0.0008372400188818574,0.000874386983923614,0.0008203170145861804,0.001086100994143635,0.0019511799910105765,0.0009583939681760967,0.00082831596955657,0.0008918359526433051,0.0008125630556605756,0.0009936090209521353
0.378748329996597,0.04613432800397277,0.0010833569685928524,3.113702405244112e-05,0.004151378991082311,0.0003718750085681677,0.003908221027813852,0.013350348977837712,0.01224406500114128,0.01291740796295926,0.011090126994531602,0.0003760510007850826,0.09578954498283565,0.014327726035844535,0.012531547981780022,0.0004505090182647109,0.013105569989420474,0.07922825700370595,0.012988445989321917,0.012411130999680609,0.0010325830080546439,0.013591505994554609,0.001219230005517602,0.0010956019978038967,0.0012756820069625974,0.0012513750116340816,0.0011717909947037697,0.0010912769939750433,0.0009593149879947305,0.0010657479870133102,0.0013114669709466398,0.0011109350016340613,0.0010088129783980548,0.0013995759654790163,0.0017952059861272573
0.4619860149687156,0.07385998597601429,0.0010675679659470916,0.04170407395577058,0.0045030920300632715,0.0004832650301977992,0.003340266994200647,0.01471436396241188,0.014137800026219338,0.012866585981100798,0.011234816978685558,0.00037684099515900016,0.10923071898287162,0.014135000994428992,0.013481187052093446,0.0006805779994465411,0.011918621021322906,0.07754924200708047,0.013086182007100433,0.011955243011470884,0.001379110966809094,0.011525711044669151,0.0012244509998708963,0.0010817250004038215,0.00203588797012344,0.0010162090184167027,0.0010033930302597582,0.0008580050198361278,0.0009960709721781313,0.001086816017050296,0.0021416889503598213,0.00210200302535668,0.0010643239947967231,0.0008045979775488377,0.0008175240363925695
0.4622781400103122,0.060177659965120256,0.0012542249751277268,0.0444462500163354,0.0046284489799290895,0.0004048380069434643,0.004812078957911581,0.015019420010503381,0.014294054999481887,0.01314110099337995,0.012486684019677341,0.00039100099820643663,0.09489260899135843,0.015123213990591466,0.013037863012868911,0.0003770120092667639,0.013630212983116508,0.072292334982194,0.013148466998245567,0.021995774994138628,0.001406322990078479,0.025714226998388767,0.0016008869861252606,0.001179917948320508,0.0012120489845983684,0.000983377976808697,0.0009227939881384373,0.0012387960450723767,0.003201729035936296,0.0019325889879837632,0.0012311519822105765,0.0010179190430790186,0.0009701269445940852,0.001217096985783428,0.0010414880234748125
0.7483448960119858,0.0618619269807823,0.0012295640190131962,0.04026961699128151,0.005411104008089751,0.00040548498509451747,0.0035740960156545043,0.013796452025417238,0.014709070965182036,0.07427010696846992,0.1106339159887284,0.0004133129841648042,0.15805212798295543,0.01644181099254638,0.012393991986755282,0.000414456008002162,0.019818163011223078,0.1269774420070462,0.04239018104271963,0.013252726988866925,0.0011435159831307828,0.012753587041515857,0.0011890589958056808,0.0011230999953113496,0.0010356639977544546,0.0009913519606925547,0.0009774190257303417,0.0009993989951908588,0.001104602008126676,0.001149359974078834,0.0030474390368908644,0.0011043249978683889,0.0011600659927353263,0.001156079990323633,0.0013369590160436928
0.6548379660234787,0.08035586203914136,0.0012083020410500467,0.06311406299937516,0.00437041197437793,0.00042521097930148244,0.012284286029171199,0.01947528700111434,0.014544336998369545,0.023241975053679198,0.05046177294570953,0.00040218100184574723,0.15164182102307677,0.014554440975189209,0.020258098025806248,0.00039185601053759456,0.013404264987912029,0.0998466219753027,0.016317926987539977,0.020792709954548627,0.004137437033932656,0.01549443299882114,0.0013119689538143575,0.0013191860052756965,0.001214415009599179,0.0021602839697152376,0.004431599983945489,0.007206714013591409,0.001247850013896823,0.0013572999741882086,0.0011733649880625308,0.0012806510203517973,0.0011611710069701076,0.0012660829816013575,0.0012196070165373385
0.5292399220052175,0.06017616199096665,0.0010918729822151363,0.05081548396265134,0.004255920008290559,0.00043269601883366704,0.00648199999704957,0.019702048040926456,0.01623709697742015,0.018883102980908006,0.03157734498381615,0.0004509649588726461,0.12504733202513307,0.015417687012813985,0.01320200104964897,0.00042584899347275496,0.013504831003956497,0.07897779298946261,0.016663431015331298,0.014659281994681805,0.001525445026345551,0.016518823977094144,0.001694449980277568,0.0012919710134156048,0.0029151519993320107,0.0019867009832523763,0.0012197020114399493,0.0011179779539816082,0.0010839790338650346,0.001086816017050296,0.00418800296029076,0.0013371670502237976,0.0011797210318036377,0.001192821015138179,0.0011687619844451547
0.66932516801171,0.061601898982189596,0.0011101830168627203,0.04631792398868129,0.00458262104075402,0.00048635603161528707,0.0040004480397328734,0.015057592012453824,0.015221942972857505,0.014510749955661595,0.016158102953340858,0.00040567299583926797,0.13703085499582812,0.02170131797902286,0.015190543024800718,0.00043425196781754494,0.016326853015925735,0.2130599709926173,0.03483081195736304,0.013172772014513612,0.0011231150128878653,0.013058611017186195,0.0011374939931556582,0.0010171019821427763,0.0009553720010444522,0.0009446759941056371,0.0009203379740938544,0.0008926200098358095,0.0009480290464125574,0.0013684480218216777,0.0012029979843646288,0.0009158240281976759,0.0017478900263085961,0.0020967950113117695,0.007663378957659006
0.45572773896856233,0.04690332099562511,0.0010664809960871935,0.038575051992665976,0.005097196961287409,0.0003927749930880964,0.004066558962222189,0.013895003008656204,0.014163900981657207,0.012532760039903224,0.012278640002477914,0.0004054629825986922,0.09480387601070106,0.014521552016958594,0.011694471002556384,0.00037420098669826984,0.014865917968563735,0.10719379800138995,0.01599515398265794,0.01314763497794047,0.0023361730272881687,0.012106020003557205,0.0010988499852828681,0.0015976100112311542,0.0018669099663384259,0.0015260769869200885,0.0011475110077299178,0.0011617220006883144,0.0012964039924554527,0.001201522012706846,0.0010143339750356972,0.0010403760243207216,0.0012850729981437325,0.0013294710079208016,0.0013186539872549474
0.4609586719889194,0.053507848002482206,0.0010768340434879065,0.042127294989768416,0.005696726962924004,0.00040148000698536634,0.004054135002661496,0.015290145005565137,0.01334274502005428,0.014031360973604023,0.013397461036220193,0.0003825169987976551,0.10029279801528901,0.014717409037984908,0.013607889006379992,0.0006888409843668342,0.014231529028620571,0.09212702803779393,0.01571725303074345,0.01362546399468556,0.0012287769932299852,0.013038537988904864,0.0016648940509185195,0.0011273400159552693,0.0009800349944271147,0.0009439929854124784,0.0009779989486560225,0.0032760619651526213,0.0014335790183395147,0.0010278609697706997,0.0009372829808853567,0.000895050005055964,0.0008934640209190547,0.000952818023506552,0.0009773860219866037
0.44868388603208587,0.04780604504048824,0.0012113069533370435,0.044481319026090205,0.004593045974615961,0.0003924249904230237,0.003534049028530717,0.016455401957500726,0.0158392779994756,0.01643643795978278,0.013680736010428518,0.0003879840369336307,0.10628790000919253,0.015231247001793236,0.012554628017824143,0.0003758289967663586,0.012917117972392589,0.0755629709456116,0.01480205199914053,0.013051029993221164,0.0011260189930908382,0.013548399962019175,0.0011808910057879984,0.001038500980939716,0.0009555089636705816,0.0009362399578094482,0.0011473890044726431,0.0010444999788887799,0.0009807110182009637,0.001612318039406091,0.0026436710031703115,0.0016094099846668541,0.0012889770441688597,0.0011452600010670722,0.0010644109570421278
0.5361764930421486,0.09723898494848981,0.0011903760023415089,0.04542887402931228,0.004299173015169799,0.0003875250113196671,0.0036233679857105017,0.014541060023475438,0.013643737998791039,0.014390459982678294,0.011421950999647379,0.000625902961473912,0.09717504901345819,0.014318709028884768,0.015322348044719547,0.00039662199560552835,0.014576264016795903,0.08793035801500082,0.023385747976135463,0.01747082400834188,0.0017428930150344968,0.013474303996190429,0.0011780419736169279,0.0009642199729569256,0.008256848028395325,0.0017803049995563924,0.0032584249856881797,0.0014492030022665858,0.0012176590389572084,0.0011188160278834403,0.0010024530347436666,0.001075199048500508,0.015335611009504646,0.003368910984136164,0.0017460109665989876
0.4457424280117266,0.07346048799809068,0.001122788991779089,0.04247855901485309,0.005107535980641842,0.0006306249997578561,0.003475940029602498,0.013819445041008294,0.01213758997619152,0.013232880970463157,0.012500290991738439,0.00041498802602291107,0.09706907899817452,0.014060329005587846,0.011601654987316579,0.000375295989215374,0.013115772046148777,0.07484883902361616,0.01275121996877715,0.012728595989756286,0.0010994519689120352,0.012366653012577444,0.0011052420013584197,0.001036665984429419,0.0009333890047855675,0.0009279919904656708,0.0009670329745858908,0.0010444700019434094,0.0011077490053139627,0.0021042359876446426,0.0016916680033318698,0.001235945033840835,0.0011828260030597448,0.0010389439994469285,0.0011387279955670238
0.4715588749968447,0.047763395006768405,0.0010761580197140574,0.03807433502515778,0.004212189989630133,0.0006625310052186251,0.004756810027174652,0.014083648973610252,0.011859732971061021,0.012570732971653342,0.013025675027165562,0.00037848600186407566,0.09529301599832252,0.012820053030736744,0.014508277992717922,0.0003881250158883631,0.014169057016260922,0.11524778697639704,0.01981328899273649,0.01531491195783019,0.001322068041190505,0.015970339998602867,0.001149813993833959,0.0010514479945413768,0.0014199260040186346,0.0025193440378643572,0.0016965479589998722,0.0010225659934803843,0.0010237240348942578,0.001240124984178692,0.0012692129821516573,0.0010238940012641251,0.0010846519726328552,0.0009327740408480167,0.0009413129882887006
0.42726652399869636,0.04566213901853189,0.0011552099604159594,0.038899448001757264,0.005046578997280449,0.00039800599915906787,0.0033846370060928166,0.01320534700062126,0.011893501970916986,0.012749051966238767,0.012722640007268637,0.00038329296512529254,0.09729470900492743,0.014493658964056522,0.012200899014715105,0.0007075670291669667,0.014927247015293688,0.08273450896376744,0.015280532010365278,0.013846269983332604,0.0010480130440555513,0.012749798013828695,0.001060348004102707,0.00109152402728796,0.0009434149833396077,0.0009057460119947791,0.000949306006077677,0.001038126996718347,0.001038223970681429,0.001054974040016532,0.0017467280267737806,0.0013516750186681747,0.0010992650059051812,0.001200435042846948,0.00125472602667287
0.4227462050039321,0.048842715041246265,0.0012013029772788286,0.041018847026862204,0.005868617969099432,0.0003940419992431998,0.0037460349849425256,0.014889821992255747,0.014248753024730831,0.01480427203932777,0.011401348980143666,0.00037459901068359613,0.09721128101227805,0.01410192099865526,0.012197685020510107,0.000375365954823792,0.01290775800589472,0.07435614796122536,0.012908781005535275,0.01405310700647533,0.0016208480228669941,0.011469024000689387,0.0018921330338343978,0.0012971619726158679,0.001059414993505925,0.00089348602341488,0.0009027799824252725,0.000925613974686712,0.0009227940463460982,0.0009201299981214106,0.0008836640045046806,0.0008676879806444049,0.0008712150156497955,0.0008758449694141746,0.0008754319860599935
0.41783925000345334,0.04504111100686714,0.001058157009538263,0.04037657397566363,0.005665847042109817,0.0005143110174685717,0.003380345006007701,0.013418354035820812,0.012443404993973672,0.012041215028148144,0.01280645898077637,0.00038991402834653854,0.10189244599314407,0.0125061139697209,0.012320800975430757,0.00036591198295354843,0.011116474983282387,0.07829029095591977,0.013787044968921691,0.012245965015608817,0.0010882790083996952,0.011637111019808799,0.0018125430215150118,0.0013320890138857067,0.0009845569729804993,0.0009047099738381803,0.0009892589878290892,0.0009586889646016061,0.000935371033847332,0.000985248014330864,0.0009248009882867336,0.0009895359980873764,0.0010007810196839273,0.001065398973878473,0.0010053470032289624
0.4517530440352857,0.044614907004870474,0.0011025909916497767,0.038379575998988,0.005529331974685192,0.00045219395542517304,0.003930317994672805,0.01542404800420627,0.01538378797704354,0.016796773998066783,0.017288175004068762,0.0004821239854209125,0.1187257010024041,0.013658237992785871,0.012145688000600785,0.00038206198951229453,0.012581888004206121,0.08025146997533739,0.014242915029171854,0.012940751039423048,0.0012037460110150278,0.012228004052303731,0.0011364680249243975,0.0009432279621250927,0.000930771988350898,0.0008644410409033298,0.000979348027613014,0.0009118370362557471,0.0009286050335504115,0.0009328150190412998,0.0010261370334774256,0.0009532860131002963,0.0009459140128456056,0.0009665650431998074,0.0009215530008077621
0.4615170820034109,0.04896168899722397,0.0010620959801599383,0.04244057199684903,0.004215907014440745,0.00039683200884610415,0.005079456022940576,0.01244294794742018,0.013213484024163336,0.014937150001060218,0.015078543976414949,0.0003867089981213212,0.10359788197092712,0.014441114966757596,0.015583282976876944,0.0008069600444287062,0.014836361980997026,0.08040108601562679,0.014815370028372854,0.01367280597332865,0.0013714359956793487,0.014178382989484817,0.0025615780032239854,0.003670365025755018,0.0019160109804943204,0.001200661004986614,0.0021068999776616693,0.0011765180388465524,0.0010944330133497715,0.0012911439989693463,0.0016331789665855467,0.004892159020528197,0.003482586005702615,0.0015027940389700234,0.0012032429804094136
0.44200048001948744,0.060631007014308125,0.0010753839742392302,0.04262017097789794,0.006246417004149407,0.0004046820104122162,0.004606789036188275,0.012944481044542044,0.012741007027216256,0.0116817060043104,0.01168237702222541,0.0003951829858124256,0.10118688200600445,0.014841000025626272,0.013370999949984252,0.0007193050114437938,0.014659287000540644,0.07546583301154897,0.013335185998585075,0.012027685006614774,0.0010441740159876645,0.013313292991369963,0.0012899430003017187,0.0012730529997497797,0.0013656130176968873,0.0012524639605544508,0.001085095980670303,0.0010577200446277857,0.000946653017308563,0.001000204007141292,0.0009155130246654153,0.001057441986631602,0.0009355699876323342,0.0014250370441004634,0.0015232120058499277
0.46713203901890665,0.04258049599593505,0.0010949809802696109,0.0396597390063107,0.004803586984053254,0.0004883870133198798,0.004232941020745784,0.026163490023463964,0.01804228499531746,0.023042238026391715,0.01783032697858289,0.0003988609532825649,0.11626804299885407,0.013779604982119054,0.013441135990433395,0.0005442709662020206,0.015115598973352462,0.07366178097436205,0.013858195976354182,0.012157796008978039,0.0012010890059173107,0.012573307962156832,0.001502915984019637,0.0012806750019080937,0.0011312110000289977,0.001095396000891924,0.0009840659913606942,0.000957828015089035,0.0009378980030305684,0.0010056630126200616,0.0010014399886131287,0.000997656024992466,0.0010958549682982266,0.0013573940377682447,0.0011651639943011105
0.5455542739946395,0.042896814993582666,0.0012523619807325304,0.03784567001275718,0.005288565997034311,0.0004347349749878049,0.003620903007686138,0.013199898996390402,0.011946411977987736,0.011926098028197885,0.012146107968874276,0.00038494099862873554,0.11932695499854162,0.026537536003161222,0.01716467901133001,0.0003916309797205031,0.017243053996935487,0.10369499999796972,0.017277269973419607,0.014555385976564139,0.0010938859777525067,0.017568923998624086,0.009446202020626515,0.0018509899964556098,0.0026508489972911775,0.0011287009692750871,0.001038299989886582,0.0009513320401310921,0.001256040995940566,0.0389561970368959,0.0014016079949215055,0.0014897839864715934,0.003866948012728244,0.0013080290518701077,0.001991715980693698
0.49763898795936257,0.11393099400447682,0.0011597360135056078,0.04441763099748641,0.00480313302250579,0.00047905801329761744,0.013296969991642982,0.014509772998280823,0.01263053499860689,0.011848966008983552,0.012100529042072594,0.00038097798824310303,0.09759612299967557,0.013505630020517856,0.012585713004227728,0.0006660090293735266,0.013390574022196233,0.07598555803997442,0.013452534039970487,0.012098755978513509,0.0013242639834061265,0.011735248030163348,0.0011031500180251896,0.00115533999633044,0.0013292850344441831,0.0012773449998348951,0.0010845839860849082,0.001064059033524245,0.0011976130190305412,0.001073502004146576,0.0009476540144532919,0.0009621350327506661,0.0009984879870899022,0.0010019359760917723,0.0009408009937033057
0.4079157719970681,0.047374503046739846,0.0010614210041239858,0.03866135096177459,0.004332017037086189,0.000444837030954659,0.0037828480126336217,0.014015403983648866,0.01332189200911671,0.012158864992670715,0.012023151037283242,0.0003846529871225357,0.09465174400247633,0.012948777002748102,0.011984038981609046,0.00037903100019320846,0.013336515985429287,0.07302383601199836,0.013512837002053857,0.011922108998987824,0.001074775995220989,0.011844315042253584,0.0013887820532545447,0.001137843995820731,0.001013569999486208,0.0009518100414425135,0.0009626629762351513,0.0009187689865939319,0.0009201489738188684,0.0009278020006604493,0.0009061169694177806,0.0009189499542117119,0.0012308300356380641,0.001303408993408084,0.0013079590280540287
0.39659100002609193,0.04287819698220119,0.0010753539972938597,0.03679304604884237,0.00440850603627041,0.0004399410099722445,0.0034286649897694588,0.013243708992376924,0.012027263990603387,0.011924369027838111,0.011943887046072632,0.00038130301982164383,0.0925013369997032,0.012352282006759197,0.012516240996774286,0.00047640898264944553,0.012901091948151588,0.07294912898214534,0.013491978053934872,0.011927466024644673,0.0012504039914347231,0.011837583966553211,0.001275507966056466,0.0010719940182752907,0.000997162947896868,0.001174813020043075,0.0010557029745541513,0.0010577350039966404,0.0009855990065261722,0.001012219989206642,0.0009617030154913664,0.0009356000227853656,0.0009846639586612582,0.001028895960189402,0.0011064020218327641
0.4149192260229029,0.04394317197147757,0.0010673560318537056,0.03664041101001203,0.004627989022992551,0.0004657419631257653,0.003442760033067316,0.012894061976112425,0.011350596032571048,0.012541506963316351,0.01173352001933381,0.0004392170230858028,0.09131616301601753,0.015303278982173651,0.013996128982398659,0.0004299659631215036,0.01554651401238516,0.08214634197065607,0.014312640996649861,0.012262568983715028,0.0013666449813172221,0.013008826004806906,0.0018432579818181694,0.0013342999736778438,0.0011008849833160639,0.0010295649990439415,0.0010605399729683995,0.0011369009735062718,0.0010381369502283633,0.001027241989504546,0.0009801930282264948,0.0009426280157640576,0.0009419739944860339,0.000944302009884268,0.0009588429820723832
0.3966563790454529,0.04477991000749171,0.0011597040574997663,0.03736980597022921,0.004795387969352305,0.0003876020200550556,0.003377116983756423,0.012992794974707067,0.012107811053283513,0.01223474001744762,0.012074656959157437,0.00037566397804766893,0.09186664898879826,0.013240586966276169,0.012217490002512932,0.0003673700266517699,0.012765266001224518,0.07042666501365602,0.012817549984902143,0.011541376006789505,0.001606440986506641,0.011826000001747161,0.0010635499493218958,0.000959544035140425,0.001037486013956368,0.0015247479896061122,0.0014468879671767354,0.0011718320311047137,0.0011562300496734679,0.0010472579742781818,0.0010111689916811883,0.0010889220284298062,0.0011757839820347726,0.0010442369966767728,0.0010144260013476014
0.3969117139931768,0.04441734601277858,0.001063833013176918,0.036965854989830405,0.004284541995730251,0.0007580379606224597,0.0038379799807444215,0.012771090026944876,0.01181200600694865,0.012302440998610109,0.012492245004978031,0.0004625660367310047,0.09301488497294486,0.012454259034711868,0.011471184028778225,0.00036715000169351697,0.011672937020193785,0.07298057997832075,0.01273884397232905,0.011841164028737694,0.0010763879981823266,0.01189959398470819,0.0010758429998531938,0.0009633509907871485,0.0010439699981361628,0.000970977998804301,0.0010233140201307833,0.0010389920207671821,0.0014937790110707283,0.0014420869993045926,0.001152450975496322,0.001149363990407437,0.0011253859847784042,0.0010870209662243724,0.0010213639470748603
0.39837111200904474,0.0464397770119831,0.001193786971271038,0.03802941896719858,0.004498986003454775,0.0006397989927791059,0.003559512028004974,0.012029981007799506,0.011814880999736488,0.012302129995077848,0.011887011991348118,0.00048161897575482726,0.0926892640418373,0.01338963897433132,0.011577386991120875,0.00039081700379028916,0.010927291004918516,0.07202009204775095,0.011691202002111822,0.01229215698549524,0.0010819339659065008,0.012111959978938103,0.0011087199673056602,0.0010492809815332294,0.0010207199957221746,0.0010750920046120882,0.0010907539981417358,0.0010518800118006766,0.0010805199854075909,0.0011281890328973532,0.0014723360072821379,0.0017125309677794576,0.0013198439846746624,0.0012476409901864827,0.0011362879886291921
0.47083205002127215,0.04587606998393312,0.0011372420121915638,0.04211606801254675,0.008056999009568244,0.00045545294415205717,0.0047859830083325505,0.03240359795745462,0.018834550981409848,0.017176260007545352,0.01748997304821387,0.0005741460481658578,0.11018273304216564,0.013012094015721232,0.011383443023078144,0.0003768010064959526,0.01296604098752141,0.07646828499855474,0.013930978020653129,0.011950927029829472,0.0010524460230953991,0.011659901996608824,0.0010741139994934201,0.0009813779615797102,0.0009087460348382592,0.0014603610034100711,0.0015840319683775306,0.0011867029825225472,0.002239042951259762,0.0013313789968378842,0.001144391018897295,0.001075735955964774,0.000980696000624448,0.00097392697352916,0.0010125410044565797
0.47270909999497235,0.07919362897519022,0.0018044689786620438,0.060403939976822585,0.00499414699152112,0.00041209202026948333,0.003766206034924835,0.020620801020413637,0.013939803000539541,0.01229175494518131,0.012014924024697393,0.0003753129858523607,0.09414230601396412,0.013384027988649905,0.012812866014428437,0.0003732749610207975,0.012285050004720688,0.07551203400362283,0.013468560995534062,0.011787433992139995,0.0013287339825183153,0.01175890298327431,0.0013249519979581237,0.001105158997233957,0.0009719280060380697,0.0011899469536729157,0.001312337990384549,0.0010862410417757928,0.00110970699461177,0.001021463016513735,0.0011394019820727408,0.0009621490025892854,0.0010545430122874677,0.0009222620283253491,0.0009687719866633415
0.5104363139835186,0.04782204097136855,0.0011694349814206362,0.03763084003003314,0.004619087965693325,0.00038730300730094314,0.0035511479945853353,0.012692755030002445,0.012081038032192737,0.012393620039802045,0.01189062901539728,0.00038131902692839503,0.09213869902305305,0.012999246013350785,0.012730097048915923,0.0003741830005310476,0.015680723008699715,0.15157538803759962,0.018656915985047817,0.02010718797100708,0.002273229998536408,0.017847002018243074,0.0011853969772346318,0.0010744929895736277,0.0011303459759801626,0.001032887026667595,0.0010053830337710679,0.0010392680414952338,0.0016441370244137943,0.0023826290271244943,0.003989585035014898,0.0018021789728663862,0.001278788025956601,0.001055161003023386,0.0010217700037173927
0.40578573796665296,0.048483791993930936,0.0010756860137917101,0.03777912398800254,0.004552091006189585,0.0003815350355580449,0.003639389993622899,0.012835063971579075,0.011543129978235811,0.012481048004701734,0.011487010051496327,0.0003865550388582051,0.09537075296975672,0.012531687039881945,0.012867710029240698,0.00036436901427805424,0.01221780403284356,0.07266962295398116,0.013162698014639318,0.011994809960015118,0.0012212209985591471,0.011645215039607137,0.001509519002866,0.0013747559860348701,0.0011335770250298083,0.00132479501189664,0.0012286320561543107,0.001090359000954777,0.0011440959642641246,0.001054485037457198,0.0010809809900820255,0.0010499279596842825,0.0009394079679623246,0.0010296329855918884,0.0009713639738038182
0.40218592999735847,0.04674508597236127,0.0010619449894875288,0.037540410994552076,0.004314970981795341,0.00037843402242287993,0.003424919967073947,0.012891718011815101,0.012177518976386636,0.012035605031996965,0.012097170983906835,0.00037761800922453403,0.09165958600351587,0.012333581980783492,0.012135010038036853,0.00039662799099460244,0.01300011802231893,0.07520962995477021,0.013170165999326855,0.012004660035017878,0.001079223002307117,0.011940989992581308,0.0011545789893716574,0.001072717015631497,0.0011448859586380422,0.0010749409557320178,0.0011079839896410704,0.0011422020033933222,0.0010462779900990427,0.0010844210046343505,0.0010078979539684951,0.0009628359694033861,0.0009646710241213441,0.0010106020490638912,0.0013533479650504887
0.41159194201463833,0.04928616899996996,0.0012607909739017487,0.03947627800516784,0.004171719017904252,0.00036261900095269084,0.004153440007939935,0.012804496043827385,0.012306643999181688,0.012718408019281924,0.012122808024287224,0.00045819696970283985,0.09368926798924804,0.01221375202294439,0.011691067018546164,0.0005513129872269928,0.010799269017297775,0.07319900504080579,0.014995651959907264,0.012592908984515816,0.0011360509670339525,0.012387766037136316,0.0011801549699157476,0.0011058589443564415,0.0010056369937956333,0.0010798010043799877,0.001854043046478182,0.0018079319852404296,0.0026344910147599876,0.001466559013351798,0.0012880709837190807,0.0010066560353152454,0.001065730000846088,0.0009745470015332103,0.0010038780164904892
0.40420446201460436,0.04803759598871693,0.0010982149979099631,0.03696041496004909,0.004717793955933303,0.0003940729657188058,0.0036600919556804,0.01298190699890256,0.012524121964816004,0.011737950961105525,0.011666600999888033,0.0003720929962582886,0.09166789898881689,0.01319591497303918,0.01216477801790461,0.00042663299245759845,0.013227758987341076,0.07194579503266141,0.013357302988879383,0.012043630005791783,0.001298477000091225,0.011745149968191981,0.0017260269960388541,0.0022550279973074794,0.0014705570065416396,0.0013145600096322596,0.0014463100233115256,0.0013808520161546767,0.00112305796938017,0.0009970240062102675,0.0009958830196410418,0.0009256849880330265,0.0009042510064318776,0.0009986370569095016,0.0014983100118115544
0.4036360009922646,0.047996677982155234,0.0014570750063285232,0.0388325359672308,0.00432166998507455,0.0003776869853027165,0.003302172990515828,0.013174285995773971,0.012451280956156552,0.013176424021366984,0.011054828006308526,0.0003703740076161921,0.09413829701952636,0.012847731006331742,0.010599865985568613,0.0005148560157977045,0.01218717999290675,0.07285816199146211,0.012354436970781535,0.011975706031080335,0.0010690839844755828,0.0119356699869968,0.0012009479687549174,0.001281214994378388,0.00103779201162979,0.000980508979409933,0.0010385639616288245,0.0010161770042032003,0.00100150698563084,0.0009484919719398022,0.0009094480192288756,0.0009758899686858058,0.001497973978985101,0.001446451002266258,0.0015195839805528522
0.4274353380315006,0.04695150500629097,0.0010852920240722597,0.036519971035886556,0.004234805004671216,0.0003731600008904934,0.0034956849995069206,0.0131304319947958,0.01202692900551483,0.012444838997907937,0.012376050988677889,0.0004074200405739248,0.09836214198730886,0.015641078003682196,0.014220555021893233,0.00038053601747378707,0.015050694986712188,0.08143924502655864,0.012776240007951856,0.01276323600905016,0.002530532015953213,0.014209037006366998,0.002002521010581404,0.00127097696531564,0.0016460269689559937,0.0014421710511669517,0.0010676149977371097,0.0009715549531392753,0.0009496239945292473,0.0010324280010536313,0.0009292869945056736,0.0008947200258262455,0.0008847980061545968,0.0009593649883754551,0.0010085629764944315
0.4575040779891424,0.04846620297757909,0.0010717380209825933,0.04024825198575854,0.004803857998922467,0.00039131398079916835,0.006890543038025498,0.014245905040297657,0.02798462496139109,0.019939424993935972,0.02539338602218777,0.0005655849818140268,0.10247852699831128,0.012631759978830814,0.010310360987205058,0.0003529419773258269,0.012934916012454778,0.0715057190391235,0.013374164991546422,0.011867200024425983,0.001080498972442001,0.013978753006085753,0.0013420800096355379,0.0010680529521778226,0.0009755700011737645,0.0011604629689827561,0.0011700550094246864,0.0010412500123493373,0.0009986109798774123,0.0010595850180834532,0.0015039730351418257,0.001454448967706412,0.0013818219886161387,0.0011482950067147613,0.0009742230176925659
0.46197084296727553,0.0534751700470224,0.0014766439562663436,0.043568894965574145,0.004721159988548607,0.00038672296795994043,0.0034185819677077234,0.014540037023834884,0.014729699003510177,0.01594812498660758,0.015228949021548033,0.0005162230227142572,0.11213573801796883,0.016049859987106174,0.012676767015364021,0.0008858619839884341,0.01470365800196305,0.07611079997150227,0.01391643297392875,0.012989994022063911,0.0013827650109305978,0.012547669990453869,0.0017296940204687417,0.0020113220089115202,0.002134700014721602,0.0012318139779381454,0.0010818529990501702,0.0010641480330377817,0.0016222420381382108,0.0015131160034798086,0.0011605980107560754,0.0012708139838650823,0.001015439978800714,0.0010225730366073549,0.0017331289709545672
0.4294752220157534,0.05626112001482397,0.0011739759938791394,0.04195142298704013,0.004688515036832541,0.00043745903531089425,0.0033202730119228363,0.013031771988607943,0.013770528952591121,0.014897727989591658,0.01239729899680242,0.0003814929514192045,0.09883296897169203,0.01407084398670122,0.012392556003760546,0.0005531769711524248,0.013839619001373649,0.07319714705226943,0.013818252016790211,0.012172062997706234,0.001244192011654377,0.011180847010109574,0.001531384012196213,0.0011096139787696302,0.0013060470228083432,0.0011643649777397513,0.0010517800110392272,0.0009639560012146831,0.0009934220579452813,0.0009641500073485076,0.0009082219912670553,0.0010542900417931378,0.001124436967074871,0.0011009699665009975,0.0009808919858187437
0.41472854802850634,0.054681363981217146,0.0013324189931154251,0.0376395609928295,0.004177376977168024,0.00036663602804765105,0.0034346990287303925,0.013226474984548986,0.012077969964593649,0.012587133969645947,0.010922285029664636,0.00036327203270047903,0.09358113899361342,0.012618775013834238,0.011900525016244501,0.0006878599524497986,0.012564112956169993,0.07539531600195915,0.01501506200293079,0.012605941039510071,0.0014666939969174564,0.011825606052298099,0.0010551460436545312,0.0009408519836142659,0.001301729993429035,0.0015882219886407256,0.0014810299617238343,0.0012270320439711213,0.0011061399709433317,0.0010393409756943583,0.0010137900244444609,0.000998408009763807,0.0010304130264557898,0.0009338049567304552,0.0009643660159781575
0.4089684599894099,0.05095249303849414,0.0010716650285758078,0.0380574960145168,0.004467783961445093,0.0005336300237104297,0.0033374930499121547,0.012842978991102427,0.011934909969568253,0.012364047986920923,0.013938846997916698,0.00037916505243629217,0.092936217028182,0.013564881053753197,0.011173357022926211,0.000371862028259784,0.01375270396238193,0.07300731196301058,0.012991708994377404,0.012330520956311375,0.0010660580010153353,0.011814209050498903,0.0012766839936375618,0.0012068680371157825,0.0010370999807491899,0.001047080964781344,0.0010121279628947377,0.0009828879847191274,0.0010344460024498403,0.000976055976934731,0.0010224119760096073,0.0014154649688862264,0.0011782090296037495,0.0010086630354635417,0.0010643720161169767
0.4106798059656285,0.053512345999479294,0.0011357300099916756,0.03676845697918907,0.004660148988477886,0.00045044999569654465,0.003756523015908897,0.013525294023565948,0.012555088964290917,0.012795560993254185,0.011770819022785872,0.0003774280194193125,0.09218346897978336,0.012952370976563543,0.012977292004507035,0.0004427910316735506,0.01386994100175798,0.07244047900894657,0.013099787989631295,0.011878882010933012,0.0013031919952481985,0.012092150980606675,0.0015053770039230585,0.001093343016691506,0.0013238469837233424,0.0013992789899930358,0.0011534820077940822,0.0010960960062220693,0.001151349046267569,0.001079553971067071,0.0009993819985538721,0.0009053489775396883,0.0009109299862757325,0.0009126960067078471,0.0009385370067320764
0.4201261139824055,0.0516521479585208,0.001128384959883988,0.039744986046571285,0.0041668349876999855,0.00036170403473079205,0.003311371023301035,0.013051351998001337,0.012447877961676568,0.016802457976154983,0.012375299993436784,0.00043456198181957006,0.09362894401419908,0.012572520005051047,0.015352692978922278,0.000649892957881093,0.013151129009202123,0.07237782404990867,0.013846246991306543,0.01306336501147598,0.0013052209978923202,0.012615978019312024,0.0014279729803092778,0.0011616300325840712,0.0009996439912356436,0.0010949679999612272,0.0010464449878782034,0.0009814410004764795,0.0010082100052386522,0.000995042035356164,0.0009690389852039516,0.000950874004047364,0.0010032010031864047,0.0010443149949423969,0.0016769750509411097
0.4218775720219128,0.04945294500794262,0.0011756860185414553,0.03890243999194354,0.004401032987516373,0.00037788000190630555,0.004506875004153699,0.012735676020383835,0.012529930972959846,0.012674068042542785,0.012038213957566768,0.00038340402534231544,0.09290207194862887,0.012760665034875274,0.011763426999095827,0.0006141869816929102,0.012315357045736164,0.0745989010320045,0.015770592028275132,0.012171317008323967,0.00124655500985682,0.01253272796748206,0.003031524014659226,0.001721132022794336,0.0015438200207427144,0.0013762890012003481,0.00273144303355366,0.0015491789672523737,0.0015906180487945676,0.0012323919800110161,0.0011288539972156286,0.0024765600101090968,0.001824731007218361,0.0015012850053608418,0.001981222943868488
0.4136850759969093,0.05011162901064381,0.0010738209821283817,0.036642019986175,0.0042653699638322,0.0007148639997467399,0.004228295001666993,0.013189138029702008,0.011756057967431843,0.012309119978453964,0.011784495029132813,0.0005161150475032628,0.09247866901569068,0.012734785035718232,0.01212020602542907,0.0003707149880938232,0.01308131095720455,0.07962143002077937,0.013484528986737132,0.012088403047528118,0.001085161988157779,0.012885508011095226,0.001425677037332207,0.001457726990338415,0.0013483879738487303,0.0010434570140205324,0.0010351829696446657,0.0009436020045541227,0.001079886977095157,0.001031765015795827,0.0010571230086497962,0.0010382240288890898,0.0015335300122387707,0.0011564709711819887,0.0011584099847823381
0.41084105300251395,0.04793853301089257,0.0012037119595333934,0.0385124150197953,0.004251323000062257,0.0003699589869938791,0.0040205069817602634,0.012651683005969971,0.012078475032467395,0.012969831994269043,0.01154589100042358,0.0006680969963781536,0.09228067501680925,0.014266822021454573,0.012391606986057013,0.0003958389861509204,0.012194701994303614,0.07528787304181606,0.013097246992401779,0.013805176015011966,0.0012468769564293325,0.011982058989815414,0.0014969640178605914,0.0019369000219739974,0.001290928979869932,0.0013511219876818359,0.0013686000020243227,0.0012787970481440425,0.001204698986839503,0.0011427809949964285,0.001003746991045773,0.0010181849938817322,0.0009801359847187996,0.0009699059883132577,0.0010269450140185654
0.4078042299952358,0.046934637997765094,0.0010994939948432148,0.038387606968171895,0.00474673300050199,0.0004786369972862303,0.00348965497687459,0.012806712999008596,0.01255222101463005,0.01208459900226444,0.013019808975514024,0.0003700450179167092,0.09249727299902588,0.012601014983374625,0.012563046999275684,0.00037443998735398054,0.014036580978427082,0.07235645700711757,0.01311657897895202,0.012398769962601364,0.001091550977434963,0.012549618957564235,0.0026720829773694277,0.0012004650197923183,0.0010531920124776661,0.0011025239946320653,0.0010366099886596203,0.0010183139820583165,0.0010582390241324902,0.0011861459934152663,0.0017000550287775695,0.0011182499583810568,0.0009872379596345127,0.001197642006445676,0.0011816270416602492
0.4121370679931715,0.049470396945253015,0.0010496909962967038,0.03986952098784968,0.0051851190510205925,0.0003965970245189965,0.004314574005547911,0.013249549025204033,0.011606088024564087,0.012870297010522336,0.011702203948516399,0.0003705199924297631,0.09342562104575336,0.013441006012726575,0.012561995012219995,0.000379408011212945,0.013065476960036904,0.07295372697990388,0.013467137003317475,0.012179354962427169,0.002439508039969951,0.012266320001799613,0.001233803981449455,0.0012488989741541445,0.0010835160501301289,0.0010097890044562519,0.0010375790297985077,0.0010336949490010738,0.00104186701355502,0.0010097349877469242,0.0010521449730731547,0.0009550609975121915,0.00098513497505337,0.001092036021873355,0.0013741219881922007
0.4054340259754099,0.047473802987951785,0.0020065809949301183,0.037902581971138716,0.0042593980324454606,0.000373616989236325,0.0034300090046599507,0.012715290999040008,0.012196190014947206,0.0119235820020549,0.011980367999058217,0.00038156198570504785,0.09425833902787417,0.013069548003841192,0.010957619990222156,0.00036774598993360996,0.013936533010564744,0.07301196298794821,0.012615934014320374,0.01242296100826934,0.0011663340264931321,0.011901030025910586,0.001433330005966127,0.001296510046813637,0.0011317709577269852,0.001035320048686117,0.0010526829864829779,0.0010678509715944529,0.0010115980403497815,0.0015016079996712506,0.0012211129651404917,0.0011331080459058285,0.0011306129745207727,0.0012799419928342104,0.001084185962099582
0.40821576298912987,0.04787570604821667,0.0010690349736250937,0.03766794700641185,0.004221708979457617,0.0003734570345841348,0.00442742498125881,0.012969510979019105,0.01219815801596269,0.012045169016346335,0.0119073890382424,0.00037347403122112155,0.09219032799592242,0.015625241969246417,0.012518009985797107,0.0006112559931352735,0.013239289983175695,0.073800730984658,0.013525817019399256,0.011883960978593677,0.0013414170243777335,0.011536471953149885,0.0012363220448605716,0.0018837589886970818,0.0011240530293434858,0.0012584709911607206,0.001236202020663768,0.0011231430107727647,0.0010991949820891023,0.0010408620000816882,0.0010583159746602178,0.0010348880314268172,0.0010339500149711967,0.0010510670254006982,0.0010126269771717489
0.4070347959641367,0.0476973979966715,0.0011043170234188437,0.03758291597478092,0.004724393016658723,0.0004001870402134955,0.0035483379615470767,0.012818606046494097,0.01192457799334079,0.011924784979782999,0.012217568990308791,0.0003839510027319193,0.09389537503011525,0.013050373992882669,0.012626256968360394,0.0003752390039153397,0.01363931002561003,0.07135219499468803,0.0141742909909226,0.013221803994383663,0.0011428979923948646,0.012072934012394398,0.0013429110404103994,0.0012809160398319364,0.001162806001957506,0.0010763379978016019,0.0010528999846428633,0.0010891910060308874,0.0010818649898283184,0.0010916909668594599,0.0012263109674677253,0.001582958037033677,0.0011553390068002045,0.0011415019980631769,0.001173273951280862
0.403830595954787,0.046355849015526474,0.0011627619969658554,0.03728240297641605,0.004214879998471588,0.0003719229716807604,0.0033556040143594146,0.012670009979046881,0.0120285939774476,0.012854181055445224,0.011897975986357778,0.00036863196874037385,0.09361006098333746,0.012754435010720044,0.011166563024744391,0.0005983799928799272,0.013516200007870793,0.07382830994902179,0.013254572986625135,0.012113540025893599,0.001148720970377326,0.011732815008144826,0.0011154040112160146,0.0009883400052785873,0.0009375510271638632,0.0010087459813803434,0.0012236100155860186,0.0024148289812728763,0.0013798590516671538,0.0010931009892374277,0.0011602599988691509,0.0012856470420956612,0.0012644170201383531,0.0010311670484952629,0.0009886660263873637
0.40998178999871016,0.0500036749872379,0.001057327026501298,0.03843412303831428,0.0045718050096184015,0.0004007290117442608,0.003722310997545719,0.012735138006974012,0.01145288097904995,0.012533306959085166,0.012044707022141665,0.00038038200000301003,0.09153645997866988,0.013059985009022057,0.012946974020451307,0.0005021609831601381,0.013264592038467526,0.07244294998236,0.01356374699389562,0.011735638021491468,0.0012132530100643635,0.011768789030611515,0.003083863004576415,0.0014347120304591954,0.0012075300328433514,0.0015425520250573754,0.001294107991270721,0.0014509850298054516,0.0011227829963900149,0.0010150109883397818,0.0010974850156344473,0.0010296370019204915,0.001043720985762775,0.001652359962463379,0.001585709978826344
0.4420260129845701,0.05757197900675237,0.0013194099883548915,0.043010879016947,0.004725965962279588,0.000492847990244627,0.0038363650091923773,0.01357320899842307,0.012729713984299451,0.014238447009120136,0.013414094981271774,0.00042960495920851827,0.10182619298575446,0.01779410900780931,0.012066042982041836,0.0004610010073520243,0.013212678022682667,0.07458880299236625,0.013931552995927632,0.011563030013348907,0.0011815629550255835,0.011770747019909322,0.0012259159702807665,0.0010659859981387854,0.0009814549703150988,0.0010306329932063818,0.001247032021638006,0.001791635004337877,0.0013628979795612395,0.001173274009488523,0.001520806981716305,0.0015303650288842618,0.0014145180466584861,0.0011447679717093706,0.001116844010539353
0.45076459599658847,0.06503438297659159,0.0011254199780523777,0.03979507804615423,0.004817389999516308,0.00040944403735920787,0.003758106962777674,0.014896639040671289,0.014370311982929707,0.012998860969673842,0.016541004995815456,0.0004490489955060184,0.10694826795952395,0.014395817997865379,0.01152457803254947,0.00044490298023447394,0.012882394017651677,0.07461569696897641,0.013230146025307477,0.011724665993824601,0.001742460997775197,0.012404719949699938,0.00116470898501575,0.0010614109924063087,0.0010278690024279058,0.0015995640424080193,0.001253415015526116,0.001126465038396418,0.0011863349936902523,0.0013863489730283618,0.001085975964087993,0.0010898519540205598,0.0010618060478009284,0.0009671369916759431,0.0009484789916314185
0.4042260200367309,0.046596458996646106,0.0010580069501884282,0.03724772704299539,0.0046415620017796755,0.00038472702726721764,0.00372029299614951,0.012821854965295643,0.011634150985628366,0.012285245989914984,0.012068165000528097,0.000479885027743876,0.09269641299033538,0.01278388500213623,0.01192710199393332,0.0003645329852588475,0.013172295992262661,0.07437876705080271,0.013188140990678221,0.01186905795475468,0.001196433964651078,0.01195136399473995,0.0017177420086227357,0.0011766980169340968,0.0010871699778363109,0.0019903729553334415,0.0014724479988217354,0.0012009129859507084,0.0011095069930888712,0.0011114340159110725,0.0011722019989974797,0.001065396994818002,0.0009702559909783304,0.0009392590145580471,0.0010126280249096453
0.4090662870439701,0.046252182975877076,0.0010644900030456483,0.038639050035271794,0.004455029033124447,0.00038138602394610643,0.003412068006582558,0.012748268956784159,0.012748424021992832,0.01186499500181526,0.012294187967199832,0.0003755570505745709,0.09377126698382199,0.012118651007767767,0.012051391997374594,0.00037704501301050186,0.01309647603193298,0.07829069200670347,0.012662366032600403,0.012219797994475812,0.0011143789743073285,0.012561058974824846,0.0011626069899648428,0.0010905169765464962,0.0011157109984196723,0.0011130350176244974,0.0010693250223994255,0.0010874069994315505,0.0017044419655576348,0.001171701995190233,0.0010388849768787622,0.0011497570085339248,0.0012203569640405476,0.0010569400037638843,0.0009403940057381988
0.40410711499862373,0.04643539898097515,0.0010887309908866882,0.03766010794788599,0.004183018987532705,0.00036840600660070777,0.004055534023791552,0.012544689991045743,0.011924259015358984,0.012553496984764934,0.012098627048544586,0.00038201804272830486,0.09294914599740878,0.012739599973428994,0.011350991961080581,0.0003650339785963297,0.012129200040362775,0.07480644498718902,0.012666159018408507,0.01201235398184508,0.0012734319898299873,0.012039187015034258,0.001285933016333729,0.0010112430318258703,0.0009404070442542434,0.0010042780195362866,0.002295337035320699,0.0015699280193075538,0.0024234880111180246,0.0013819049927406013,0.0010984590044245124,0.0010325360344722867,0.0009764739661477506,0.0009415160166099668,0.0009415060048922896
0.40483832004247233,0.046815772948320955,0.0010529700084589422,0.03799445100594312,0.0047882950166240335,0.00044910801807418466,0.00358015502570197,0.012561405019368976,0.011551566945854574,0.012335948005784303,0.012219964992254972,0.0003870750078931451,0.0925626209937036,0.012995708966627717,0.012485293962527066,0.00048468500608578324,0.013158874993678182,0.07332321198191494,0.013028523011598736,0.012392969976644963,0.001500818005297333,0.01254524796968326,0.0011127349571324885,0.001007341023068875,0.0010673649958334863,0.001224131032358855,0.0012352470075711608,0.0012285379925742745,0.0012641430366784334,0.00114734802627936,0.001105121977161616,0.0010449920082464814,0.0010250479681417346,0.001000270014628768,0.0009477300336584449
0.40833335602656007,0.04638351796893403,0.0010632299818098545,0.03828277002321556,0.004397738026455045,0.00037763401633128524,0.003428336000069976,0.014186053012963384,0.012472518952563405,0.012206624960526824,0.012020298978313804,0.00040637695929035544,0.09358194097876549,0.012943170964717865,0.011340014985762537,0.00040373695082962513,0.013767842028755695,0.07616444397717714,0.01364589500008151,0.011993884982075542,0.0011539300321601331,0.011979593022260815,0.0011313530267216265,0.0010274910018779337,0.0009601609781384468,0.0009349350002594292,0.0010086169932037592,0.0011148659978061914,0.0015453280066139996,0.0012190380366519094,0.0009832879877649248,0.0011705109500326216,0.0013178400113247335,0.0010989389847964048,0.0009602240170352161
0.40894409199245274,0.04746791301295161,0.0010592160397209227,0.038194210967049,0.004497819987591356,0.00046759197721257806,0.0037697699735872447,0.013207105977926403,0.011918803036678582,0.012805495003703982,0.012133943964727223,0.0004103290266357362,0.09304104204056785,0.012413753021974117,0.012305952957831323,0.0004032609867863357,0.013614721014164388,0.0741788949817419,0.01401962200179696,0.011982215975876898,0.0012804780271835625,0.012557512964121997,0.0021932359668426216,0.0013726649922318757,0.0014207509811967611,0.0011728290119208395,0.001098328037187457,0.0011501300032250583,0.0011313779978081584,0.0010708350455388427,0.0009793330100364983,0.0009583249920979142,0.0009905719780363142,0.0010222650016658008,0.0010726440232247114
0.4021699450095184,0.04555893497308716,0.0010539549984969199,0.03720970201538876,0.004412231966853142,0.00037994299782440066,0.0033267929684370756,0.012296221975702792,0.011403418029658496,0.013023333973251283,0.011795622995123267,0.0003797180252149701,0.09369160898495466,0.012428441026713699,0.012262706004548818,0.0003645530086942017,0.012431887967977673,0.07534094399306923,0.013721412979066372,0.012467816995922476,0.0012350479955784976,0.011812221026048064,0.001381209003739059,0.0011486539733596146,0.0011209070216864347,0.0010359520092606544,0.0009937160066328943,0.0009711440070532262,0.0009989950340241194,0.000993496971204877,0.0009982330375351012,0.0011139740236103535,0.0011405190452933311,0.0010845820070244372,0.001056802982930094
0.4175179500016384,0.0455455569899641,0.001172896008938551,0.03788441600045189,0.0044923609821125865,0.0003950099926441908,0.0033108749776147306,0.012242419994436204,0.011687975958921015,0.012293329986277968,0.012467549997381866,0.0004347609938122332,0.09461981401545927,0.013796893996186554,0.019462525029666722,0.0013407730148173869,0.01591452502179891,0.07415710401255637,0.01387219998287037,0.012221161043271422,0.001240682031493634,0.012626015988644212,0.001241164980456233,0.001057596004102379,0.0009937190334312618,0.0010176159557886422,0.00102104595862329,0.0010075719910673797,0.001123948022723198,0.0011334879673086107,0.0010452030110172927,0.001087106007616967,0.001283429970499128,0.0015125100035220385,0.001147263974417001
0.4156835399917327,0.04762566997669637,0.0011789980344474316,0.03784081700723618,0.004276933032087982,0.0003810569760389626,0.003432386030908674,0.012852789019234478,0.011942151992116123,0.015018409001640975,0.013052465976215899,0.0003899009898304939,0.09706833801465109,0.013608762994408607,0.012034462008159608,0.0004972449969500303,0.01235618902137503,0.07450441498076543,0.014135240984614938,0.012202100013382733,0.0012016569962725043,0.012216402043122798,0.0013492450234480202,0.0017045459826476872,0.0010960610234178603,0.0010393349803052843,0.001325496006757021,0.0016015240107662976,0.0011456450447440147,0.0011545540182851255,0.0010223890421912074,0.0011062129633501172,0.0011297710007056594,0.0011822310043498874,0.0014003969845362008
0.42404803802492097,0.06172733003040776,0.0013276050449348986,0.03993523900862783,0.004357839003205299,0.0003939130110666156,0.0033059390261769295,0.013749532983638346,0.013217110012192279,0.013110934989526868,0.012282501033041626,0.00044293300015851855,0.09413368499372154,0.012942050001583993,0.01228913600789383,0.00037677300861105323,0.012165648979134858,0.07379042997490615,0.012731557013466954,0.011986311001237482,0.0011797310435213149,0.0118752529961057,0.001112597994506359,0.0010501790093258023,0.0010152380564250052,0.0009767480078153312,0.001031627005431801,0.0011971190106123686,0.0015728069702163339,0.0012757739750668406,0.0014239230076782405,0.001322655996773392,0.0011737169697880745,0.0009701999952085316,0.0009958879672922194
0.4077850400353782,0.04646556201623753,0.0010955389589071274,0.039340574003290385,0.0051923939608968794,0.0007951859734021127,0.004191580985207111,0.013139450980816036,0.012856467976234853,0.013269385963212699,0.012085141032002866,0.0003792330389842391,0.09271792997606099,0.012041277950629592,0.01274612796260044,0.000398951000533998,0.013437586021609604,0.07216843101195991,0.013098361028824002,0.011692797008436173,0.0012714469921775162,0.011960320000071079,0.001296658010687679,0.0011045460123568773,0.0010924740345217288,0.001399362983647734,0.0014759110054001212,0.0012601049966178834,0.001195946999359876,0.0010975830373354256,0.0011400560033507645,0.0010833819978870451,0.001109753968194127,0.001023029035422951,0.0011415000190027058
0.40263479098211974,0.04531645501265302,0.0010691210045479238,0.03684166999300942,0.004550320969428867,0.0003952949773520231,0.0033764110412448645,0.012870175007265061,0.011734900006558746,0.012441638973541558,0.011769887991249561,0.000375591975171119,0.09381275699706748,0.012968547991476953,0.012539685994852334,0.00037909700768068433,0.013725727971177548,0.07270528899971396,0.013352535024750978,0.011991237988695502,0.001140622014645487,0.01172435301123187,0.00119620596524328,0.0013205790310166776,0.001203608000651002,0.0012197640025988221,0.0013715159730054438,0.0013267789618112147,0.0011763569782488048,0.0011597970151342452,0.0011050549801439047,0.0010608989978209138,0.0011909589520655572,0.0012779870303347707,0.0012450450449250638
0.40396983397658914,0.04824314400320873,0.0010653710342012346,0.03709301998605952,0.004209114005789161,0.000365547020919621,0.0033128210343420506,0.01302567298989743,0.011991765000857413,0.012444971012882888,0.011752078018616885,0.0003763099666684866,0.09384706395212561,0.01279153098585084,0.011473988008219749,0.00039374898187816143,0.012994960998184979,0.07428051601164043,0.011968788981903344,0.011823283974081278,0.001103993970900774,0.011874368006829172,0.0011325100203976035,0.0011583039886318147,0.0013224529684521258,0.0012319220113568008,0.0013316269614733756,0.0011821399675682187,0.001299642026424408,0.001386993972118944,0.0013600539532490075,0.0011150999926030636,0.0010888639953918755,0.0010553149622865021,0.001268106047064066
0.49322259600739926,0.04761901299934834,0.0012231749715283513,0.0374170730356127,0.004577062965836376,0.00045550899812951684,0.0037720139953307807,0.013127915968652815,0.01275106897810474,0.030187715019565076,0.02782467001816258,0.0011529839830473065,0.1326331440359354,0.014054055965971202,0.012263190990779549,0.00038447900442406535,0.014138831989839673,0.08324768103193492,0.013556568010244519,0.012028504977934062,0.0013874619617126882,0.012202934012748301,0.0011740210466086864,0.0010824270430020988,0.0010928959818556905,0.002281291992403567,0.0012065560440532863,0.0011542589636519551,0.0011671219835989177,0.0011781789944507182,0.001109717006329447,0.001047944009769708,0.0010071779834106565,0.0009937669965438545,0.0011230489471927285
0.4029634540202096,0.047357603965792805,0.0011618469725362957,0.03669392399024218,0.004899452032987028,0.0004233159706927836,0.0034870230010710657,0.01363617298193276,0.01163239503512159,0.012513356981799006,0.012278477021027356,0.00044240697752684355,0.09325692499987781,0.012732821982353926,0.011225560971070081,0.00036469497717916965,0.013194450992159545,0.0720044809859246,0.013378740986809134,0.011951246007811278,0.0011009019799530506,0.011618140037171543,0.0012636380270123482,0.0014340680208988488,0.0010953749879263341,0.0009938619914464653,0.001022621989250183,0.001307677011936903,0.00141342100687325,0.0013326689950190485,0.0011355809983797371,0.001215528987813741,0.0012914880062453449,0.0011346900137141347,0.0010915130260400474
0.40065034304279834,0.047922622004989535,0.0011176539701409638,0.036865711968857795,0.004180441959761083,0.00036265095695853233,0.0033143219770863652,0.01291980198584497,0.012008388992398977,0.012079650012310594,0.01197348302230239,0.0003776709781959653,0.09239010000601411,0.012647304974962026,0.011362807010300457,0.0003630160354077816,0.013044593972153962,0.07195191702339798,0.01305187598336488,0.012285224976949394,0.0012285260017961264,0.011482723988592625,0.001304534962400794,0.0014092609635554254,0.0010630660108290613,0.0010513649904169142,0.001171673007775098,0.0011550430208444595,0.0010468150139786303,0.0010632610064931214,0.0010856359731405973,0.001327265053987503,0.001350047008600086,0.001767653040587902,0.001180596009362489
0.40805695997551084,0.04715049598598853,0.0011691080289892852,0.0381894150050357,0.004425001970957965,0.00040964799700304866,0.00386245601112023,0.014797743991948664,0.013131137005984783,0.013469223980791867,0.011835573997814208,0.0003832600195892155,0.09272771299583837,0.01304167800117284,0.012004828022327274,0.0004160510143265128,0.013657307019457221,0.07268526899861172,0.012370510026812553,0.011952103988733143,0.0012946859933435917,0.011767319985665381,0.0012786900042556226,0.0012060549925081432,0.001377848966512829,0.0016329979989677668,0.0012103929766453803,0.0010138890356756747,0.0011337189935147762,0.0014415279729291797,0.0011698309681378305,0.0011975170345976949,0.001045482000336051,0.000987646053545177,0.0009995449800044298
0.40085059497505426,0.04637931496836245,0.0011473899940028787,0.03689846699126065,0.0045389909646473825,0.00039573299000039697,0.0036315969773568213,0.012465301959309727,0.011675910966005176,0.012013530998956412,0.012097005965188146,0.00037521502235904336,0.09207917895400897,0.012444083986338228,0.011922480014618486,0.00044187100138515234,0.011883256025612354,0.0739693230134435,0.012510185013525188,0.01244112302083522,0.001671727979555726,0.011775124003179371,0.0012774189817719162,0.001097076979931444,0.0010185150313191116,0.0012843290460295975,0.0017922960105352104,0.001371671969536692,0.0013465319643728435,0.0015951750101521611,0.001312789972871542,0.0011944419820792973,0.0011041840189136565,0.001079517009202391,0.0010353769757784903
0.40221165196271613,0.04614832199877128,0.0010818860027939081,0.03674062801292166,0.004483073018491268,0.0004616250516846776,0.003718632971867919,0.012761466961819679,0.011843724991194904,0.012198096024803817,0.011850918002892286,0.0003986639785580337,0.09304002503631637,0.012741693994030356,0.01207752397749573,0.0003722929977811873,0.012254469038452953,0.0759689940023236,0.013114603993017226,0.011724537005648017,0.001271469984203577,0.011737132037524134,0.0014866020064800978,0.001199693011585623,0.0010429429821670055,0.0009912390378303826,0.001292946981266141,0.0011668279767036438,0.001094017003197223,0.0010323700262233615,0.0009913300164043903,0.0012090919772163033,0.0010580290108919144,0.0010141789680346847,0.0009747759904712439
0.40388919302495196,0.04689752496778965,0.0011185749899595976,0.03685906797181815,0.0047729749931022525,0.00047537701902911067,0.0035012910375371575,0.012984098982997239,0.01188643102068454,0.012282699986826628,0.011915248003788292,0.00037964695366099477,0.09318138600792736,0.012937759980559349,0.011955102032516152,0.0005594079848378897,0.013350380992051214,0.07233533699763939,0.013340049015823752,0.0119458680273965,0.0013541000080294907,0.011549651972018182,0.0011959870462305844,0.0013081110082566738,0.0015835560043342412,0.001140688022132963,0.001092444988898933,0.001064472016878426,0.001058566034771502,0.0011360280332155526,0.0013023759820498526,0.001289292995352298,0.0013309689820744097,0.0013318340061232448,0.0017924439744092524
0.4023417020216584,0.0476327880169265,0.0014058289816603065,0.037751835014205426,0.004248251032549888,0.0004076400073245168,0.0033244130318053067,0.012681670021265745,0.012191361980512738,0.012519352021627128,0.011467324977274984,0.0003807030152529478,0.09257510700263083,0.012482735037337989,0.011735888954717666,0.0003703730180859566,0.013447951001580805,0.07183367194375023,0.013180502050090581,0.011778950050938874,0.0012112060212530196,0.0118799899937585,0.0014669279917143285,0.001820478995796293,0.0013356870040297508,0.0013285320019349456,0.0011784199741669,0.0010796159622259438,0.0010566599667072296,0.0010338129941374063,0.0010670709889382124,0.0012762040132656693,0.0013911440037190914,0.001106229959987104,0.0010174679919146001
0.49055004498222843,0.046889115998055786,0.0010614939965307713,0.038429179054219276,0.004479255992919207,0.0008912290213629603,0.006089679023716599,0.013872244977392256,0.012348757009021938,0.013217361993156374,0.011847644986119121,0.00037809298373758793,0.14353361201938242,0.021463432000018656,0.024177532002795488,0.0005292650312185287,0.01891899498878047,0.07425248803338036,0.013797364954371005,0.012047023978084326,0.0014044690178707242,0.01230474398471415,0.0012250280124135315,0.001178053964395076,0.0012332999613136053,0.0011410510051064193,0.0013222789857536554,0.0012565269717015326,0.0012224140227772295,0.001250328030437231,0.0016427289810962975,0.0019141330267302692,0.001229800982400775,0.00125909096095711,0.0010385540081188083
0.41538111097179353,0.049042970000300556,0.0011391559964977205,0.03861507499823347,0.004314496996812522,0.0004842789494432509,0.004140871053095907,0.012854468019213527,0.012231900007463992,0.012783020967617631,0.012459655001293868,0.0003940099850296974,0.09470944298664108,0.013253854005597532,0.011917339987121522,0.00037603697273880243,0.013418624992482364,0.07357463100925088,0.012761944031808525,0.01206313498551026,0.0012199940392747521,0.012682977016083896,0.0015913789975456893,0.0012877749977633357,0.001518906035926193,0.001300463976804167,0.0011770990095101297,0.0014500250108540058,0.0021049740025773644,0.0015708570135757327,0.0014304579817689955,0.0012450569774955511,0.0013589399750344455,0.001558799995109439,0.0012457760167308152
0.40904557396424934,0.04930693202186376,0.0011504089925438166,0.038070751004852355,0.004503939999267459,0.00042446498991921544,0.0038628639886155725,0.013113313005305827,0.01175045600393787,0.012665308022405952,0.011706205026712269,0.00037191295996308327,0.09369904000777751,0.012259008013643324,0.01275196101050824,0.0003776490339078009,0.012646682967897505,0.074043752043508,0.013465024996548891,0.012083771987818182,0.0015910349902696908,0.011970626015681773,0.001228952023666352,0.0012051360099576414,0.0011776370229199529,0.0013937380281277,0.0011545659508556128,0.001057701010722667,0.001201627019327134,0.0012090150266885757,0.0010976390331052244,0.0011488610180094838,0.0012208769912831485,0.0014215210103429854,0.00111692602513358
0.40460139204515144,0.04855530703207478,0.0010515910107642412,0.03752957901451737,0.004311639990191907,0.0003786049783229828,0.003284343983978033,0.01278625603299588,0.011864554020576179,0.01227329601533711,0.012206187995616347,0.0003834000090137124,0.09414242504863068,0.012407320027705282,0.011386115977074951,0.0004621769767254591,0.012366816983558238,0.07255612302105874,0.013687532977201045,0.012297758017666638,0.0012538000009953976,0.01165661500999704,0.0012581180199049413,0.001297624025028199,0.0012764209532178938,0.0011921499972231686,0.0011406150297261775,0.0011525860172696412,0.0012560340110212564,0.0014847390120849013,0.001396989042405039,0.0012170529807917774,0.0010688499896787107,0.0009905470069497824,0.0011553990188986063
0.40434170595835894,0.047630287997890264,0.0012251860462129116,0.03682474500965327,0.00421152199851349,0.0003775240038521588,0.003880431002471596,0.012388470000587404,0.012042621965520084,0.013042155944276601,0.013187882024794817,0.00040560599882155657,0.09131487098056823,0.013041436031926423,0.01210247096605599,0.0005603519966825843,0.012197049974929541,0.07276377198286355,0.012234362016897649,0.013099511968903244,0.0016872749547474086,0.012590261991135776,0.0013784050242975354,0.0012666460243053734,0.0012076199636794627,0.001277706993278116,0.0014103560242801905,0.0011179490247741342,0.0011566269677132368,0.0011509500327520072,0.0012048159842379391,0.0013399519957602024,0.0011531730415299535,0.0010314889950677752,0.0012018799898214638
0.4106169730075635,0.04870040400419384,0.001057877962011844,0.036361457023303956,0.0044943789835087955,0.0003924189950339496,0.003612046013586223,0.013128344027791172,0.011741169961169362,0.012353247962892056,0.011771012970712036,0.0003955770516768098,0.09544526296667755,0.013651453016791493,0.013313070987351239,0.0003766660229302943,0.013268987007904798,0.07469451503129676,0.013092055974993855,0.011939934978727251,0.0011553270160220563,0.011595960007980466,0.0015703860553912818,0.0013999590300954878,0.0011730610276572406,0.0010726439650170505,0.0010784760233946145,0.001093466009479016,0.001142251945566386,0.0010970609728246927,0.0012209290289320052,0.001240639016032219,0.001863264013081789,0.0013306739856489003,0.0010796310380101204
0.4082352470140904,0.04955445695668459,0.0011257299920544028,0.03737959900172427,0.004200548981316388,0.0003722480032593012,0.00381471001310274,0.012412436015438288,0.012060454988386482,0.011938949057366699,0.013873866002541035,0.00040009000804275274,0.09286244900431484,0.013184137002099305,0.011774173006415367,0.00037439598236232996,0.014063174021430314,0.07244868902489543,0.013490628043655306,0.012146255001425743,0.0013488999684341252,0.011862707033287734,0.0014219910372048616,0.0015143019845709205,0.001573523972183466,0.0011833899770863354,0.0012199789634905756,0.0010975180193781853,0.0012187740067020059,0.0012928240466862917,0.0012186889653094113,0.0011599449790082872,0.0010935260215774179,0.0010186430299654603,0.000986848957836628
0.4087855850229971,0.04788236500462517,0.0010529689607210457,0.03828386595705524,0.004445342987310141,0.00039622600888833404,0.0037501510232686996,0.013009723974391818,0.011862825020216405,0.012235093978233635,0.012208359956275672,0.00037797202821820974,0.09397203900152817,0.012439914979040623,0.012324731971602887,0.000417889968957752,0.012975585006643087,0.07391073397593573,0.01345457398565486,0.012216746981721371,0.001215093012433499,0.011938961979467422,0.0013768499484285712,0.0014547029859386384,0.0012892810045741498,0.0012534499983303249,0.0013404730125330389,0.0013297520345076919,0.0011970979976467788,0.0011775169987231493,0.0013312069931998849,0.0016868370003066957,0.0011356730246916413,0.001050901017151773,0.0010668759932741523
0.40415404294617474,0.04777706100139767,0.0010657450184226036,0.03717240894911811,0.004287362971808761,0.00039425300201401114,0.0036562549648806453,0.012835378991439939,0.012355457001831383,0.01201927603688091,0.011968822975177318,0.00040660297963768244,0.0921027060248889,0.01241029001539573,0.011964044009801,0.0004431669949553907,0.01315847598016262,0.07193210197146982,0.013595337979495525,0.012492078996729106,0.0012150690308772027,0.012071484990883619,0.0012021820293739438,0.0011817769845947623,0.0010262749856337905,0.0010389030212536454,0.0011007529683411121,0.0012529909727163613,0.002142145996913314,0.0016609649755991995,0.0013843269553035498,0.001260901044588536,0.00136853801086545,0.0014386469847522676,0.0011616029660217464
0.4099550819955766,0.04751012800261378,0.001051788975019008,0.037524298997595906,0.004404647974297404,0.0005214959965087473,0.0034310250193811953,0.012687502952758223,0.01196475001052022,0.01218334399163723,0.012637495005037636,0.0003834280068986118,0.09387727396097034,0.012972884986083955,0.012954861973412335,0.0003741509863175452,0.012263045995496213,0.07618846098193899,0.013541811960749328,0.011790907010436058,0.0015614910516887903,0.01230118196690455,0.00129115697927773,0.0012012269580736756,0.001303462020587176,0.0013524300302378833,0.0013099619536660612,0.0011664240155369043,0.00124071299796924,0.0012415439705364406,0.0010582749964669347,0.0011890550376847386,0.0014548079925589263,0.0012195779709145427,0.001157571969088167
0.40863107901532203,0.04942253197077662,0.0010721670114435256,0.037074229039717466,0.004349665017798543,0.00038322899490594864,0.0033482529688626528,0.012768289016094059,0.012170935980975628,0.012109590985346586,0.011557035963051021,0.00038841896457597613,0.0935767269693315,0.012539418006781489,0.01127838296815753,0.00042905297596007586,0.013009988004341722,0.07530225504888222,0.013883777952287346,0.011755566985812038,0.0011974730296060443,0.011843302985653281,0.0015515360282734036,0.0012220939970575273,0.0011821070220321417,0.0013541000080294907,0.0014241839526221156,0.0014948599855415523,0.0012979420134797692,0.0013146959827281535,0.0014546879683621228,0.0016073689912445843,0.0014007980353198946,0.001048983947839588,0.0010719579877331853
0.4875205290154554,0.04760721401544288,0.0011241440079174936,0.036690134031232446,0.004475263995118439,0.00039047299651429057,0.003545888001099229,0.012693170981947333,0.011852069001179188,0.012051100027747452,0.011786593007855117,0.00037470797542482615,0.1722440009471029,0.013026830041781068,0.01352977502392605,0.00039477599784731865,0.013436580018606037,0.07732758001657203,0.01247046998469159,0.01207504898775369,0.0011813250021077693,0.011655531008727849,0.0015060610021464527,0.0014606480253860354,0.0011708579841069877,0.001137666986323893,0.0011620279983617365,0.0011324939550831914,0.0014355089515447617,0.001242208993062377,0.0011575599783100188,0.0011173179955221713,0.0011055190116167068,0.001039021008182317,0.001193639007396996
0.4200413989601657,0.05048430903116241,0.001494619995355606,0.03657010197639465,0.004497930989600718,0.0003804980078712106,0.003408460004720837,0.01318989199353382,0.011899438046384603,0.013061111967545003,0.011423686984926462,0.00037965900264680386,0.093096194032114,0.013287379057146609,0.017628848960157484,0.00039183400804176927,0.013979610055685043,0.07632001099409536,0.013832219003234059,0.012330878002103418,0.0012927089701406658,0.011960966046899557,0.001545886043459177,0.001340224000159651,0.0012427959591150284,0.001233551010955125,0.0013773079845122993,0.0013715500244870782,0.0012289590085856616,0.0013282470172271132,0.0013328599743545055,0.0013356239651329815,0.0012525540078058839,0.0013767569907940924,0.0013944359961897135
0.4024320879834704,0.046827501966618,0.0013125960249453783,0.0362586589762941,0.004503543954342604,0.0004027799586765468,0.0033264730009250343,0.013237081002444029,0.012444458960089833,0.012385146983433515,0.012174608011264354,0.00037825998151674867,0.09112793201347813,0.013113218999933451,0.01241150900023058,0.00037309201434254646,0.01364684000145644,0.07136261300183833,0.013342957012355328,0.01229546795366332,0.001346789998933673,0.011468827025964856,0.0014301079791039228,0.001569646003190428,0.0015024779713712633,0.0012921119923703372,0.0012269330327399075,0.0012618029722943902,0.0012962599867023528,0.0012543359771370888,0.0012182670179754496,0.0012880130088888109,0.0013083230005577207,0.001158025988843292,0.001152793993242085
0.4133520280010998,0.046926490031182766,0.001051283034030348,0.037170018011238426,0.0044279469875618815,0.0004055110039189458,0.0033277779584750533,0.012771726003848016,0.011797412007581443,0.012558999995235354,0.011262318002991378,0.0003694359911605716,0.09377816901542246,0.012348681048024446,0.012156745011452585,0.0005483920103870332,0.012782806996256113,0.0734727379749529,0.012475117982830852,0.012732927978504449,0.0015551709802821279,0.012529032013844699,0.0012701730011031032,0.0011941400007344782,0.001304793986491859,0.001539786986541003,0.0013634799979627132,0.0016115159960463643,0.0013688600156456232,0.001651773985940963,0.0012496510171331465,0.005905478959903121,0.0018359069945290685,0.0015313960029743612,0.0021460269927047193
0.41616541403345764,0.050833209010306746,0.001195805030874908,0.037747616006527096,0.004348102957010269,0.00036770099541172385,0.004152920038904995,0.01303738699061796,0.012006616976577789,0.012147293018642813,0.011454679013695568,0.0006337430095300078,0.09325555100804195,0.013901584025006741,0.016050726000685245,0.00040476000867784023,0.013438696041703224,0.07305297796847299,0.014184217958245426,0.011817451973911375,0.001178393024019897,0.012620345980394632,0.0015110430540516973,0.0012525650090537965,0.0011689849779941142,0.0014377780025824904,0.0014882219838909805,0.0013658590032719076,0.0011723730131052434,0.001301540993154049,0.00113033497473225,0.0010308290366083384,0.0010195270297117531,0.0010622640256769955,0.001679454988334328
0.44414982601301745,0.04614926502108574,0.0010643969872035086,0.03933770500589162,0.00465646997326985,0.00038502999814227223,0.0040267089498229325,0.01360989297972992,0.01183958601905033,0.013733673025853932,0.011743947979994118,0.00038045295514166355,0.09575154102640226,0.01490168203599751,0.016609566984698176,0.0007393169798888266,0.02429672103608027,0.08491043298272416,0.017348406021483243,0.011991739040240645,0.001717009989079088,0.011625235027167946,0.0012109309900552034,0.0010953109594993293,0.0011168400524184108,0.0016158100333996117,0.0014254910056479275,0.0011430979939177632,0.0010909760021604598,0.0011170890065841377,0.0010568249854259193,0.0013512559817172587,0.0013307970366440713,0.0011219229782000184,0.0010507630067877471
0.42501316400012,0.047919829026795924,0.0010596200008876622,0.03698151599382982,0.0045889129978604615,0.0003994950093328953,0.003434331971220672,0.013319180987309664,0.011666059959679842,0.012326782976742834,0.01356270001269877,0.0004016220336779952,0.09425464202649891,0.012365822971332818,0.012787860992830247,0.0004219450056552887,0.013936025963630527,0.08558546903077513,0.014199950965121388,0.012913534010294825,0.001193310017697513,0.013202483009081334,0.0014283469645306468,0.0011678820010274649,0.001058330002706498,0.001218521036207676,0.0013361090095713735,0.0014206749619916081,0.0012543349876068532,0.0011692819534800947,0.0010597220389172435,0.0010193859925493598,0.0010824119672179222,0.002239044988527894,0.0013386990176513791
